{
  "collection": "task_s3_49_2_r50_cascading",
  "run_name": "cascading_sincnet__mel_cnn",
  "stage1_model": "sincnet",
  "stage2_model": "mel_cnn",
  "timestamp": "2026-05-18T11:22:47.016966+00:00",
  "epochs_trained": {
    "stage1": 30,
    "stage2": 46
  },
  "class_names": [
    "Emberiza_calandra",
    "Hippolais_polyglotta",
    "Regulus_ignicapilla",
    "non_target"
  ],
  "cascade": {
    "subset_accuracy": 0.8753211931627751,
    "macro": {
      "precision": 0.8868198825950873,
      "recall": 0.8852312995664325,
      "f1": 0.8848569926873355,
      "f2": 0.8848153811913897,
      "auc_ovr": 0.9800099199163169
    },
    "per_class": {
      "Emberiza_calandra": {
        "support": 1231,
        "precision": 0.8483231707317073,
        "recall": 0.9041429731925265,
        "f1": 0.8753440817931577,
        "f2": 0.8923989737010904,
        "auc_ovr": 0.9871548048471482
      },
      "Hippolais_polyglotta": {
        "support": 1163,
        "precision": 0.8567921440261865,
        "recall": 0.9002579535683577,
        "f1": 0.8779874213836478,
        "f2": 0.8912155260469868,
        "auc_ovr": 0.9909221630296582
      },
      "Regulus_ignicapilla": {
        "support": 1488,
        "precision": 0.9271070615034168,
        "recall": 0.8205645161290323,
        "f1": 0.8705882352941178,
        "f2": 0.8398679323153114,
        "auc_ovr": 0.9804621256982476
      },
      "non_target": {
        "support": 5069,
        "precision": 0.9150571541190382,
        "recall": 0.9159597553758138,
        "f1": 0.9155082322784187,
        "f2": 0.9157790927021698,
        "auc_ovr": 0.9615005860902138
      }
    },
    "prediction_rates_by_true_class": [
      [
        0.9041429731925265,
        0.00974817221770918,
        0.002437043054427295,
        0.060926076360682375
      ],
      [
        0.0034393809114359416,
        0.9002579535683577,
        0.0,
        0.061049011177987965
      ],
      [
        0.006720430107526882,
        0.0013440860215053765,
        0.8205645161290323,
        0.19153225806451613
      ],
      [
        0.0364963503649635,
        0.031761688695995265,
        0.018346813967251924,
        0.9159597553758138
      ]
    ],
    "fraction_routed_to_stage2": 0.7739917327672886
  },
  "stage1": {
    "test_loss": 0.22462572157382965,
    "auc_bird": 0.9509242000130586,
    "per_class": {
      "bird": {
        "support": 6881,
        "precision": 0.9464491916859122,
        "recall": 0.9529138206656009,
        "f1": 0.9496705047432833
      },
      "no_bird": {
        "support": 2070,
        "precision": 0.8407738095238095,
        "recall": 0.8188405797101449,
        "f1": 0.8296622613803231
      }
    },
    "input_repr": "time"
  },
  "stage2": {
    "test_loss": 0.14097654819488525,
    "per_class": {
      "Emberiza_calandra": {
        "support": 1231,
        "precision": 0.8541353383458646,
        "recall": 0.9228269699431356,
        "f1": 0.8871534556813745
      },
      "Hippolais_polyglotta": {
        "support": 1163,
        "precision": 0.8626506024096385,
        "recall": 0.9234737747205503,
        "f1": 0.8920265780730896
      },
      "Regulus_ignicapilla": {
        "support": 1488,
        "precision": 0.9239920687376074,
        "recall": 0.9395161290322581,
        "f1": 0.9316894368543819
      },
      "non_target_bird": {
        "support": 2999,
        "precision": 0.9400294334069168,
        "recall": 0.8519506502167389,
        "f1": 0.8938254329193632
      }
    },
    "input_repr": "mel"
  },
  "hyperparams": {
    "epochs": 100,
    "patience": 10,
    "batch_size": 16,
    "seed": 42,
    "threshold": 0.5,
    "stage1_threshold": 0.5
  }
}