{
  "collection": "task_s3_49_2_r50",
  "run_name": "cnn1d",
  "build_model": "cnn1d",
  "timestamp": "2026-05-19T09:47:23.071521+00:00",
  "epochs_trained": 88,
  "class_names": [
    "Emberiza_calandra",
    "Hippolais_polyglotta",
    "Regulus_ignicapilla",
    "non_target"
  ],
  "test_loss": 0.2542499899864197,
  "subset_accuracy": 0.7468969239071775,
  "macro": {
    "precision": 0.783479731932211,
    "recall": 0.8250474479305541,
    "f1": 0.7902688312602267,
    "f2": 0.8079893142162827,
    "auc_ovr": 0.9526487136935816
  },
  "per_class": {
    "Emberiza_calandra": {
      "support": 1200,
      "precision": 0.7267365661861075,
      "recall": 0.9241666666666667,
      "f1": 0.8136463683052091,
      "f2": 0.8765412582990832,
      "auc_ovr": 0.9721807254775704
    },
    "Hippolais_polyglotta": {
      "support": 1165,
      "precision": 0.6572199730094467,
      "recall": 0.8360515021459227,
      "f1": 0.7359274650547789,
      "f2": 0.7929013350700097,
      "auc_ovr": 0.9563118021972435
    },
    "Regulus_ignicapilla": {
      "support": 1200,
      "precision": 0.7939438700147711,
      "recall": 0.8958333333333334,
      "f1": 0.8418167580266249,
      "f2": 0.8734156646083848,
      "auc_ovr": 0.979636188023181
    },
    "non_target": {
      "support": 3847,
      "precision": 0.9560185185185185,
      "recall": 0.6441382895762933,
      "f1": 0.7696847336542941,
      "f2": 0.689098998887653,
      "auc_ovr": 0.9024661390763317
    }
  },
  "prediction_rates_by_true_class": [
    [
      0.9241666666666667,
      0.008333333333333333,
      0.015833333333333335,
      0.013333333333333334
    ],
    [
      0.013733905579399141,
      0.8360515021459227,
      0.010300429184549357,
      0.04206008583690987
    ],
    [
      0.006666666666666667,
      0.021666666666666667,
      0.8958333333333334,
      0.04083333333333333
    ],
    [
      0.10215752534442422,
      0.12269300753834156,
      0.06446581752014557,
      0.6441382895762933
    ]
  ],
  "hyperparams": {
    "epochs": 100,
    "patience": 15,
    "batch_size": 16,
    "seed": 42,
    "threshold": 0.5,
    "input_repr": "time"
  }
}