{
  "collection": "task_dataset",
  "build_model": "mel_cnn",
  "timestamp": "2026-05-13T12:46:07.384217+00:00",
  "epochs_trained": 31,
  "class_names": [
    "Emberiza_calandra",
    "Hippolais_polyglotta",
    "Regulus_ignicapilla",
    "non_target"
  ],
  "test_loss": 0.18984729051589966,
  "top1_accuracy": 0.8789203084832905,
  "macro": {
    "precision": 0.8122079009021367,
    "recall": 0.8995479528532094,
    "f1": 0.850211807515052,
    "f2": 0.8782778340747541,
    "auc_ovr": 0.9719240787573021
  },
  "per_class": {
    "Emberiza_calandra": {
      "support": 417,
      "precision": 0.7159533073929961,
      "recall": 0.882494004796163,
      "f1": 0.790547798066595,
      "f2": 0.843263061411549,
      "auc_ovr": 0.9702639270673872
    },
    "Hippolais_polyglotta": {
      "support": 454,
      "precision": 0.7476979742173112,
      "recall": 0.8942731277533039,
      "f1": 0.8144433299899698,
      "f2": 0.8605341246290801,
      "auc_ovr": 0.9842048817137026
    },
    "Regulus_ignicapilla": {
      "support": 450,
      "precision": 0.8275862068965517,
      "recall": 0.96,
      "f1": 0.888888888888889,
      "f2": 0.9302325581395348,
      "auc_ovr": 0.9827467700258399
    },
    "non_target": {
      "support": 2569,
      "precision": 0.9575941151016876,
      "recall": 0.8614246788633709,
      "f1": 0.9069672131147541,
      "f2": 0.8790815921188527,
      "auc_ovr": 0.9504807362222788
    }
  },
  "confusion_matrix": [
    [
      368,
      13,
      3,
      33
    ],
    [
      0,
      406,
      0,
      48
    ],
    [
      1,
      0,
      432,
      17
    ],
    [
      145,
      124,
      87,
      2213
    ]
  ],
  "hyperparams": {
    "epochs": 50,
    "patience": 8,
    "batch_size": 32,
    "seed": 42,
    "threshold": 0.5,
    "input_repr": "mel"
  }
}